Method;Text size;Alphabet size;Pattern size;Wildcards;Time
Native;10000;2;100;0;263814
KMP;10000;2;100;0;218006
KMP_O;10000;2;100;0;267668
Native;10000;2;100;1;281931
KMP;10000;2;100;1;261048
KMP_O;10000;2;100;1;282095
Native;10000;2;100;2;293108
KMP;10000;2;100;2;223928
KMP_O;10000;2;100;2;261203
Native;10000;2;100;3;262614
KMP;10000;2;100;3;214872
KMP_O;10000;2;100;3;248969
Native;10000;2;100;4;348699
KMP;10000;2;100;4;285367
KMP_O;10000;2;100;4;237573
Native;10000;4;100;0;259444
KMP;10000;4;100;0;203560
KMP_O;10000;4;100;0;224841
Native;10000;4;100;1;265794
KMP;10000;4;100;1;217575
KMP_O;10000;4;100;1;216609
Native;10000;4;100;2;258057
KMP;10000;4;100;2;203654
KMP_O;10000;4;100;2;216843
Native;10000;4;100;3;258823
KMP;10000;4;100;3;203306
KMP_O;10000;4;100;3;286899
Native;10000;4;100;4;259661
KMP;10000;4;100;4;209744
KMP_O;10000;4;100;4;224365
Native;100000;2;100;0;2634769
KMP;100000;2;100;0;2010356
KMP_O;100000;2;100;0;2111476
Native;100000;2;100;1;2616561
KMP;100000;2;100;1;2015694
KMP_O;100000;2;100;1;2161418
Native;100000;2;100;2;2632268
KMP;100000;2;100;2;2002597
KMP_O;100000;2;100;2;2207906
Native;100000;2;100;3;2734333
KMP;100000;2;100;3;2008667
KMP_O;100000;2;100;3;2230654
Native;100000;2;100;4;2657426
KMP;100000;2;100;4;2081393
KMP_O;100000;2;100;4;2591473
Native;100000;4;100;0;2616603
KMP;100000;4;100;0;2052659
KMP_O;100000;4;100;0;2325166
Native;100000;4;100;1;2647884
KMP;100000;4;100;1;1984114
KMP_O;100000;4;100;1;2810474
Native;100000;4;100;2;2650945
KMP;100000;4;100;2;2012626
KMP_O;100000;4;100;2;2135715
Native;100000;4;100;3;2620407
KMP;100000;4;100;3;2059328
KMP_O;100000;4;100;3;2192134
Native;100000;4;100;4;2796267
KMP;100000;4;100;4;2343043
KMP_O;100000;4;100;4;2782588
Native;10000;2;200;0;256431
KMP;10000;2;200;0;206698
KMP_O;10000;2;200;0;239434
Native;10000;2;200;1;257980
KMP;10000;2;200;1;207009
KMP_O;10000;2;200;1;240154
Native;10000;2;200;2;268334
KMP;10000;2;200;2;210403
KMP_O;10000;2;200;2;240216
Native;10000;2;200;3;259015
KMP;10000;2;200;3;207308
KMP_O;10000;2;200;3;239563
Native;10000;2;200;4;254546
KMP;10000;2;200;4;206877
KMP_O;10000;2;200;4;234346
Native;10000;4;200;0;258311
KMP;10000;4;200;0;210112
KMP_O;10000;4;200;0;230766
Native;10000;4;200;1;254929
KMP;10000;4;200;1;210612
KMP_O;10000;4;200;1;259759
Native;10000;4;200;2;255485
KMP;10000;4;200;2;235590
KMP_O;10000;4;200;2;303311
Native;10000;4;200;3;260277
KMP;10000;4;200;3;212724
KMP_O;10000;4;200;3;260085
Native;10000;4;200;4;255107
KMP;10000;4;200;4;211478
KMP_O;10000;4;200;4;262193
Native;100000;2;200;0;2618677
KMP;100000;2;200;0;2019430
KMP_O;100000;2;200;0;2225921
Native;100000;2;200;1;2623493
KMP;100000;2;200;1;2012259
KMP_O;100000;2;200;1;2170040
Native;100000;2;200;2;2663917
KMP;100000;2;200;2;2074199
KMP_O;100000;2;200;2;2253507
Native;100000;2;200;3;2664410
KMP;100000;2;200;3;2068665
KMP_O;100000;2;200;3;2247690
Native;100000;2;200;4;2606915
KMP;100000;2;200;4;2070346
KMP_O;100000;2;200;4;2222368
Native;100000;4;200;0;2717151
KMP;100000;4;200;0;2067461
KMP_O;100000;4;200;0;2307804
Native;100000;4;200;1;2636406
KMP;100000;4;200;1;2067188
KMP_O;100000;4;200;1;2327655
Native;100000;4;200;2;2646315
KMP;100000;4;200;2;2046508
KMP_O;100000;4;200;2;2665083
Native;100000;4;200;3;2619809
KMP;100000;4;200;3;2000048
KMP_O;100000;4;200;3;2109643
Native;100000;4;200;4;2651814
KMP;100000;4;200;4;2073361
KMP_O;100000;4;200;4;2194492
Native;10000;2;300;0;256636
KMP;10000;2;300;0;206438
KMP_O;10000;2;300;0;227622
Native;10000;2;300;1;256676
KMP;10000;2;300;1;206753
KMP_O;10000;2;300;1;227387
Native;10000;2;300;2;256839
KMP;10000;2;300;2;206921
KMP_O;10000;2;300;2;252594
Native;10000;2;300;3;255985
KMP;10000;2;300;3;206139
KMP_O;10000;2;300;3;226899
Native;10000;2;300;4;255816
KMP;10000;2;300;4;206200
KMP_O;10000;2;300;4;226526
Native;10000;4;300;0;258023
KMP;10000;4;300;0;208841
KMP_O;10000;4;300;0;224740
Native;10000;4;300;1;258810
KMP;10000;4;300;1;205867
KMP_O;10000;4;300;1;223508
Native;10000;4;300;2;257826
KMP;10000;4;300;2;205467
KMP_O;10000;4;300;2;223977
Native;10000;4;300;3;257171
KMP;10000;4;300;3;205885
KMP_O;10000;4;300;3;223929
Native;10000;4;300;4;258850
KMP;10000;4;300;4;206141
KMP_O;10000;4;300;4;223948
Native;100000;2;300;0;2631625
KMP;100000;2;300;0;2040955
KMP_O;100000;2;300;0;2245189
Native;100000;2;300;1;2635611
KMP;100000;2;300;1;2055685
KMP_O;100000;2;300;1;2266542
Native;100000;2;300;2;2585180
KMP;100000;2;300;2;2069773
KMP_O;100000;2;300;2;2299420
Native;100000;2;300;3;2700171
KMP;100000;2;300;3;1999783
KMP_O;100000;2;300;3;2190224
Native;100000;2;300;4;2617541
KMP;100000;2;300;4;2057238
KMP_O;100000;2;300;4;2317642
Native;100000;4;300;0;2601221
KMP;100000;4;300;0;2201744
KMP_O;100000;4;300;0;2144606
Native;100000;4;300;1;2645055
KMP;100000;4;300;1;2024207
KMP_O;100000;4;300;1;2861850
Native;100000;4;300;2;2640636
KMP;100000;4;300;2;2025902
KMP_O;100000;4;300;2;2586075
Native;100000;4;300;3;2609014
KMP;100000;4;300;3;2085962
KMP_O;100000;4;300;3;2276941
Native;100000;4;300;4;3107467
KMP;100000;4;300;4;2366401
KMP_O;100000;4;300;4;2367073
Native;10000;2;400;0;254319
KMP;10000;2;400;0;212527
KMP_O;10000;2;400;0;246668
Native;10000;2;400;1;254659
KMP;10000;2;400;1;213465
KMP_O;10000;2;400;1;248272
Native;10000;2;400;2;256203
KMP;10000;2;400;2;213241
KMP_O;10000;2;400;2;246482
Native;10000;2;400;3;253776
KMP;10000;2;400;3;212976
KMP_O;10000;2;400;3;245464
Native;10000;2;400;4;254241
KMP;10000;2;400;4;212381
KMP_O;10000;2;400;4;245895
Native;10000;4;400;0;254351
KMP;10000;4;400;0;212860
KMP_O;10000;4;400;0;225063
Native;10000;4;400;1;256866
KMP;10000;4;400;1;212745
KMP_O;10000;4;400;1;232556
Native;10000;4;400;2;254555
KMP;10000;4;400;2;212752
KMP_O;10000;4;400;2;225226
Native;10000;4;400;3;255122
KMP;10000;4;400;3;213667
KMP_O;10000;4;400;3;225851
Native;10000;4;400;4;256844
KMP;10000;4;400;4;213733
KMP_O;10000;4;400;4;224602
Native;100000;2;400;0;2636895
KMP;100000;2;400;0;2059024
KMP_O;100000;2;400;0;2137585
Native;100000;2;400;1;2602798
KMP;100000;2;400;1;2028280
KMP_O;100000;2;400;1;2652955
Native;100000;2;400;2;2618759
KMP;100000;2;400;2;2023255
KMP_O;100000;2;400;2;2069940
Native;100000;2;400;3;2593778
KMP;100000;2;400;3;2049345
KMP_O;100000;2;400;3;2342242
Native;100000;2;400;4;2587693
KMP;100000;2;400;4;2049421
KMP_O;100000;2;400;4;2382426
Native;100000;4;400;0;2596911
KMP;100000;4;400;0;2057044
KMP_O;100000;4;400;0;2214942
Native;100000;4;400;1;2680769
KMP;100000;4;400;1;2204541
KMP_O;100000;4;400;1;2283682
Native;100000;4;400;2;2597104
KMP;100000;4;400;2;2106270
KMP_O;100000;4;400;2;2286078
Native;100000;4;400;3;2619823
KMP;100000;4;400;3;2094566
KMP_O;100000;4;400;3;2115384
Native;100000;4;400;4;2628309
KMP;100000;4;400;4;2020433
KMP_O;100000;4;400;4;2243447
Native;10000;2;500;0;251677
KMP;10000;2;500;0;206645
KMP_O;10000;2;500;0;310648
Native;10000;2;500;1;254722
KMP;10000;2;500;1;209601
KMP_O;10000;2;500;1;232051
Native;10000;2;500;2;254768
KMP;10000;2;500;2;209900
KMP_O;10000;2;500;2;231379
Native;10000;2;500;3;360756
KMP;10000;2;500;3;211417
KMP_O;10000;2;500;3;231713
Native;10000;2;500;4;255950
KMP;10000;2;500;4;214768
KMP_O;10000;2;500;4;232178
Native;10000;4;500;0;248840
KMP;10000;4;500;0;211452
KMP_O;10000;4;500;0;250358
Native;10000;4;500;1;249569
KMP;10000;4;500;1;211202
KMP_O;10000;4;500;1;251189
Native;10000;4;500;2;250014
KMP;10000;4;500;2;211458
KMP_O;10000;4;500;2;251008
Native;10000;4;500;3;249523
KMP;10000;4;500;3;212115
KMP_O;10000;4;500;3;250044
Native;10000;4;500;4;249951
KMP;10000;4;500;4;253336
KMP_O;10000;4;500;4;260384
Native;100000;2;500;0;2608101
KMP;100000;2;500;0;2012610
KMP_O;100000;2;500;0;2227507
Native;100000;2;500;1;2666597
KMP;100000;2;500;1;1995371
KMP_O;100000;2;500;1;2304464
Native;100000;2;500;2;2611567
KMP;100000;2;500;2;2128692
KMP_O;100000;2;500;2;2278183
Native;100000;2;500;3;2665358
KMP;100000;2;500;3;2031751
KMP_O;100000;2;500;3;2673192
Native;100000;2;500;4;2586827
KMP;100000;2;500;4;2071798
KMP_O;100000;2;500;4;2312899
Native;100000;4;500;0;2621305
KMP;100000;4;500;0;2068966
KMP_O;100000;4;500;0;2291719
Native;100000;4;500;1;2667958
KMP;100000;4;500;1;2077763
KMP_O;100000;4;500;1;2270885
Native;100000;4;500;2;2595480
KMP;100000;4;500;2;2079719
KMP_O;100000;4;500;2;2273991
Native;100000;4;500;3;2648443
KMP;100000;4;500;3;2068057
KMP_O;100000;4;500;3;2068314
Native;100000;4;500;4;2627490
KMP;100000;4;500;4;1997081
KMP_O;100000;4;500;4;2078619
Native;10000;2;600;0;249616
KMP;10000;2;600;0;214800
KMP_O;10000;2;600;0;257246
Native;10000;2;600;1;249467
KMP;10000;2;600;1;215066
KMP_O;10000;2;600;1;256235
Native;10000;2;600;2;256347
KMP;10000;2;600;2;218075
KMP_O;10000;2;600;2;257690
Native;10000;2;600;3;250509
KMP;10000;2;600;3;214440
KMP_O;10000;2;600;3;256068
Native;10000;2;600;4;249558
KMP;10000;2;600;4;214290
KMP_O;10000;2;600;4;256835
Native;10000;4;600;0;254571
KMP;10000;4;600;0;206628
KMP_O;10000;4;600;0;222626
Native;10000;4;600;1;255316
KMP;10000;4;600;1;207374
KMP_O;10000;4;600;1;224446
Native;10000;4;600;2;255088
KMP;10000;4;600;2;207340
KMP_O;10000;4;600;2;223683
Native;10000;4;600;3;254196
KMP;10000;4;600;3;208052
KMP_O;10000;4;600;3;225989
Native;10000;4;600;4;253188
KMP;10000;4;600;4;210075
KMP_O;10000;4;600;4;232200
Native;100000;2;600;0;2629530
KMP;100000;2;600;0;2024355
KMP_O;100000;2;600;0;2120271
Native;100000;2;600;1;2615551
KMP;100000;2;600;1;2053983
KMP_O;100000;2;600;1;2150565
Native;100000;2;600;2;2600641
KMP;100000;2;600;2;2036298
KMP_O;100000;2;600;2;2143823
Native;100000;2;600;3;2618983
KMP;100000;2;600;3;2037617
KMP_O;100000;2;600;3;2467002
Native;100000;2;600;4;2642772
KMP;100000;2;600;4;2086354
KMP_O;100000;2;600;4;2200557
Native;100000;4;600;0;2587142
KMP;100000;4;600;0;2018331
KMP_O;100000;4;600;0;2140569
Native;100000;4;600;1;2598851
KMP;100000;4;600;1;2077568
KMP_O;100000;4;600;1;2271649
Native;100000;4;600;2;2624376
KMP;100000;4;600;2;1992541
KMP_O;100000;4;600;2;2089827
Native;100000;4;600;3;2602574
KMP;100000;4;600;3;1991583
KMP_O;100000;4;600;3;2118891
Native;100000;4;600;4;2612433
KMP;100000;4;600;4;2043339
KMP_O;100000;4;600;4;2466684
Native;10000;2;700;0;251625
KMP;10000;2;700;0;241496
KMP_O;10000;2;700;0;259215
Native;10000;2;700;1;249058
KMP;10000;2;700;1;221939
KMP_O;10000;2;700;1;255419
Native;10000;2;700;2;248697
KMP;10000;2;700;2;226718
KMP_O;10000;2;700;2;259955
Native;10000;2;700;3;249831
KMP;10000;2;700;3;221943
KMP_O;10000;2;700;3;255693
Native;10000;2;700;4;249201
KMP;10000;2;700;4;222319
KMP_O;10000;2;700;4;255665
Native;10000;4;700;0;251823
KMP;10000;4;700;0;216004
KMP_O;10000;4;700;0;275512
Native;10000;4;700;1;258653
KMP;10000;4;700;1;218826
KMP_O;10000;4;700;1;306061
Native;10000;4;700;2;249929
KMP;10000;4;700;2;216409
KMP_O;10000;4;700;2;305549
Native;10000;4;700;3;250326
KMP;10000;4;700;3;216188
KMP_O;10000;4;700;3;304946
Native;10000;4;700;4;254456
KMP;10000;4;700;4;215357
KMP_O;10000;4;700;4;305782
Native;100000;2;700;0;2618505
KMP;100000;2;700;0;1994250
KMP_O;100000;2;700;0;2219810
Native;100000;2;700;1;2572856
KMP;100000;2;700;1;2088045
KMP_O;100000;2;700;1;2383739
Native;100000;2;700;2;2683798
KMP;100000;2;700;2;2001395
KMP_O;100000;2;700;2;2122041
Native;100000;2;700;3;2605650
KMP;100000;2;700;3;2015782
KMP_O;100000;2;700;3;2451953
Native;100000;2;700;4;2633057
KMP;100000;2;700;4;2016659
KMP_O;100000;2;700;4;2482482
Native;100000;4;700;0;2615388
KMP;100000;4;700;0;2075848
KMP_O;100000;4;700;0;2093672
Native;100000;4;700;1;2590023
KMP;100000;4;700;1;2147201
KMP_O;100000;4;700;1;2210771
Native;100000;4;700;2;2568687
KMP;100000;4;700;2;2125260
KMP_O;100000;4;700;2;2305412
Native;100000;4;700;3;2632102
KMP;100000;4;700;3;2023420
KMP_O;100000;4;700;3;2286653
Native;100000;4;700;4;2581951
KMP;100000;4;700;4;2063146
KMP_O;100000;4;700;4;2303856
Native;10000;2;800;0;247513
KMP;10000;2;800;0;219237
KMP_O;10000;2;800;0;251066
Native;10000;2;800;1;260255
KMP;10000;2;800;1;211318
KMP_O;10000;2;800;1;227649
Native;10000;2;800;2;246014
KMP;10000;2;800;2;215658
KMP_O;10000;2;800;2;227599
Native;10000;2;800;3;246376
KMP;10000;2;800;3;212312
KMP_O;10000;2;800;3;226179
Native;10000;2;800;4;246605
KMP;10000;2;800;4;211255
KMP_O;10000;2;800;4;226156
Native;10000;4;800;0;245847
KMP;10000;4;800;0;222172
KMP_O;10000;4;800;0;242629
Native;10000;4;800;1;245928
KMP;10000;4;800;1;222298
KMP_O;10000;4;800;1;242691
Native;10000;4;800;2;245654
KMP;10000;4;800;2;224476
KMP_O;10000;4;800;2;242440
Native;10000;4;800;3;246130
KMP;10000;4;800;3;222296
KMP_O;10000;4;800;3;242621
Native;10000;4;800;4;249964
KMP;10000;4;800;4;223155
KMP_O;10000;4;800;4;257994
Native;100000;2;800;0;2612598
KMP;100000;2;800;0;2006919
KMP_O;100000;2;800;0;2071374
Native;100000;2;800;1;2601416
KMP;100000;2;800;1;2021253
KMP_O;100000;2;800;1;2231993
Native;100000;2;800;2;2617749
KMP;100000;2;800;2;2100011
KMP_O;100000;2;800;2;2573109
Native;100000;2;800;3;2664054
KMP;100000;2;800;3;2016783
KMP_O;100000;2;800;3;2865918
Native;100000;2;800;4;2603174
KMP;100000;2;800;4;2094727
KMP_O;100000;2;800;4;2180553
Native;100000;4;800;0;2656052
KMP;100000;4;800;0;2019318
KMP_O;100000;4;800;0;2150113
Native;100000;4;800;1;2666889
KMP;100000;4;800;1;2009359
KMP_O;100000;4;800;1;2128276
Native;100000;4;800;2;2608048
KMP;100000;4;800;2;2017063
KMP_O;100000;4;800;2;2143076
Native;100000;4;800;3;2591872
KMP;100000;4;800;3;2077105
KMP_O;100000;4;800;3;2295990
Native;100000;4;800;4;2592954
KMP;100000;4;800;4;2055879
KMP_O;100000;4;800;4;2207951
Native;10000;2;900;0;246890
KMP;10000;2;900;0;237989
KMP_O;10000;2;900;0;269773
Native;10000;2;900;1;251802
KMP;10000;2;900;1;224833
KMP_O;10000;2;900;1;251400
Native;10000;2;900;2;246985
KMP;10000;2;900;2;222307
KMP_O;10000;2;900;2;247768
Native;10000;2;900;3;247478
KMP;10000;2;900;3;222377
KMP_O;10000;2;900;3;248110
Native;10000;2;900;4;246064
KMP;10000;2;900;4;222424
KMP_O;10000;2;900;4;247541
Native;10000;4;900;0;252351
KMP;10000;4;900;0;221000
KMP_O;10000;4;900;0;253916
Native;10000;4;900;1;246205
KMP;10000;4;900;1;246069
KMP_O;10000;4;900;1;254659
Native;10000;4;900;2;246612
KMP;10000;4;900;2;221811
KMP_O;10000;4;900;2;253695
Native;10000;4;900;3;246690
KMP;10000;4;900;3;213927
KMP_O;10000;4;900;3;284700
Native;10000;4;900;4;245794
KMP;10000;4;900;4;213978
KMP_O;10000;4;900;4;284523
Native;100000;2;900;0;2581031
KMP;100000;2;900;0;2078062
KMP_O;100000;2;900;0;2400447
Native;100000;2;900;1;2627670
KMP;100000;2;900;1;2121734
KMP_O;100000;2;900;1;2206791
Native;100000;2;900;2;2594319
KMP;100000;2;900;2;2096782
KMP_O;100000;2;900;2;2194229
Native;100000;2;900;3;2588661
KMP;100000;2;900;3;2063932
KMP_O;100000;2;900;3;2374608
Native;100000;2;900;4;2600509
KMP;100000;2;900;4;2081885
KMP_O;100000;2;900;4;2371280
Native;100000;4;900;0;2611678
KMP;100000;4;900;0;2005521
KMP_O;100000;4;900;0;2239463
Native;100000;4;900;1;2641055
KMP;100000;4;900;1;2070092
KMP_O;100000;4;900;1;2350087
Native;100000;4;900;2;2613579
KMP;100000;4;900;2;2046364
KMP_O;100000;4;900;2;2137199
Native;100000;4;900;3;2624334
KMP;100000;4;900;3;2015043
KMP_O;100000;4;900;3;2534783
Native;100000;4;900;4;2619935
KMP;100000;4;900;4;2046764
KMP_O;100000;4;900;4;2825683
Native;10000;2;1000;0;247495
KMP;10000;2;1000;0;233655
KMP_O;10000;2;1000;0;235670
Native;10000;2;1000;1;248051
KMP;10000;2;1000;1;224783
KMP_O;10000;2;1000;1;237203
Native;10000;2;1000;2;247094
KMP;10000;2;1000;2;225599
KMP_O;10000;2;1000;2;236257
Native;10000;2;1000;3;246223
KMP;10000;2;1000;3;215963
KMP_O;10000;2;1000;3;258393
Native;10000;2;1000;4;245659
KMP;10000;2;1000;4;214340
KMP_O;10000;2;1000;4;256547
Native;10000;4;1000;0;258042
KMP;10000;4;1000;0;222877
KMP_O;10000;4;1000;0;244862
Native;10000;4;1000;1;249479
KMP;10000;4;1000;1;224445
KMP_O;10000;4;1000;1;245563
Native;10000;4;1000;2;245644
KMP;10000;4;1000;2;223472
KMP_O;10000;4;1000;2;244665
Native;10000;4;1000;3;243922
KMP;10000;4;1000;3;223705
KMP_O;10000;4;1000;3;245920
Native;10000;4;1000;4;243723
KMP;10000;4;1000;4;222786
KMP_O;10000;4;1000;4;244543
Native;100000;2;1000;0;2610063
KMP;100000;2;1000;0;2015611
KMP_O;100000;2;1000;0;2396530
Native;100000;2;1000;1;2588211
KMP;100000;2;1000;1;2134361
KMP_O;100000;2;1000;1;2446583
Native;100000;2;1000;2;2595047
KMP;100000;2;1000;2;2045673
KMP_O;100000;2;1000;2;2739794
Native;100000;2;1000;3;2636303
KMP;100000;2;1000;3;2022976
KMP_O;100000;2;1000;3;2203665
Native;100000;2;1000;4;2582453
KMP;100000;2;1000;4;2078118
KMP_O;100000;2;1000;4;2343657
Native;100000;4;1000;0;2618080
KMP;100000;4;1000;0;2056200
KMP_O;100000;4;1000;0;2292403
Native;100000;4;1000;1;2590107
KMP;100000;4;1000;1;2068094
KMP_O;100000;4;1000;1;2381766
Native;100000;4;1000;2;2645673
KMP;100000;4;1000;2;2026041
KMP_O;100000;4;1000;2;2320135
Native;100000;4;1000;3;2605964
KMP;100000;4;1000;3;2139676
KMP_O;100000;4;1000;3;2280827
Native;100000;4;1000;4;2609816
KMP;100000;4;1000;4;2014257
KMP_O;100000;4;1000;4;2781180
Native;10000;2;1100;0;240624
KMP;10000;2;1100;0;222097
KMP_O;10000;2;1100;0;310201
Native;10000;2;1100;1;242687
KMP;10000;2;1100;1;222841
KMP_O;10000;2;1100;1;284091
Native;10000;2;1100;2;240462
KMP;10000;2;1100;2;222447
KMP_O;10000;2;1100;2;283400
Native;10000;2;1100;3;240682
KMP;10000;2;1100;3;222618
KMP_O;10000;2;1100;3;283227
Native;10000;2;1100;4;244920
KMP;10000;2;1100;4;227225
KMP_O;10000;2;1100;4;288434
Native;10000;4;1100;0;247389
KMP;10000;4;1100;0;220379
KMP_O;10000;4;1100;0;243057
Native;10000;4;1100;1;245847
KMP;10000;4;1100;1;220616
KMP_O;10000;4;1100;1;243618
Native;10000;4;1100;2;244742
KMP;10000;4;1100;2;220540
KMP_O;10000;4;1100;2;245157
Native;10000;4;1100;3;253074
KMP;10000;4;1100;3;221337
KMP_O;10000;4;1100;3;247648
Native;10000;4;1100;4;243660
KMP;10000;4;1100;4;218017
KMP_O;10000;4;1100;4;256262
Native;100000;2;1100;0;2615716
KMP;100000;2;1100;0;2013651
KMP_O;100000;2;1100;0;2126541
Native;100000;2;1100;1;2612430
KMP;100000;2;1100;1;2064551
KMP_O;100000;2;1100;1;2116616
Native;100000;2;1100;2;2626919
KMP;100000;2;1100;2;2058785
KMP_O;100000;2;1100;2;2096819
Native;100000;2;1100;3;2581680
KMP;100000;2;1100;3;2098177
KMP_O;100000;2;1100;3;2307724
Native;100000;2;1100;4;2586129
KMP;100000;2;1100;4;2090395
KMP_O;100000;2;1100;4;2309093
Native;100000;4;1100;0;2618128
KMP;100000;4;1100;0;2025209
KMP_O;100000;4;1100;0;2316248
Native;100000;4;1100;1;2651701
KMP;100000;4;1100;1;2071997
KMP_O;100000;4;1100;1;2302961
Native;100000;4;1100;2;2601255
KMP;100000;4;1100;2;2031130
KMP_O;100000;4;1100;2;2261129
Native;100000;4;1100;3;2595496
KMP;100000;4;1100;3;2048734
KMP_O;100000;4;1100;3;2254130
Native;100000;4;1100;4;2600442
KMP;100000;4;1100;4;2035536
KMP_O;100000;4;1100;4;2171176
Native;10000;2;1200;0;238694
KMP;10000;2;1200;0;222484
KMP_O;10000;2;1200;0;295426
Native;10000;2;1200;1;239197
KMP;10000;2;1200;1;222184
KMP_O;10000;2;1200;1;293425
Native;10000;2;1200;2;267825
KMP;10000;2;1200;2;222464
KMP_O;10000;2;1200;2;293405
Native;10000;2;1200;3;238645
KMP;10000;2;1200;3;222701
KMP_O;10000;2;1200;3;297157
Native;10000;2;1200;4;239068
KMP;10000;2;1200;4;222850
KMP_O;10000;2;1200;4;294906
Native;10000;4;1200;0;240882
KMP;10000;4;1200;0;228746
KMP_O;10000;4;1200;0;243534
Native;10000;4;1200;1;240790
KMP;10000;4;1200;1;228937
KMP_O;10000;4;1200;1;244392
Native;10000;4;1200;2;239523
KMP;10000;4;1200;2;230069
KMP_O;10000;4;1200;2;246731
Native;10000;4;1200;3;241098
KMP;10000;4;1200;3;228954
KMP_O;10000;4;1200;3;243905
Native;10000;4;1200;4;250533
KMP;10000;4;1200;4;229513
KMP_O;10000;4;1200;4;243733
Native;100000;2;1200;0;2618655
KMP;100000;2;1200;0;2136252
KMP_O;100000;2;1200;0;2152655
Native;100000;2;1200;1;2583894
KMP;100000;2;1200;1;2147204
KMP_O;100000;2;1200;1;2311704
Native;100000;2;1200;2;2634216
KMP;100000;2;1200;2;2031397
KMP_O;100000;2;1200;2;2207939
Native;100000;2;1200;3;2599613
KMP;100000;2;1200;3;1997016
KMP_O;100000;2;1200;3;2103660
Native;100000;2;1200;4;2614244
KMP;100000;2;1200;4;2087464
KMP_O;100000;2;1200;4;2088404
Native;100000;4;1200;0;2585530
KMP;100000;4;1200;0;2073848
KMP_O;100000;4;1200;0;2383325
Native;100000;4;1200;1;2618375
KMP;100000;4;1200;1;2020950
KMP_O;100000;4;1200;1;2228722
Native;100000;4;1200;2;2643761
KMP;100000;4;1200;2;2069267
KMP_O;100000;4;1200;2;2114396
Native;100000;4;1200;3;2574827
KMP;100000;4;1200;3;2050955
KMP_O;100000;4;1200;3;2213990
Native;100000;4;1200;4;2585492
KMP;100000;4;1200;4;2057547
KMP_O;100000;4;1200;4;2358279
Native;10000;2;1300;0;239270
KMP;10000;2;1300;0;225847
KMP_O;10000;2;1300;0;241033
Native;10000;2;1300;1;239690
KMP;10000;2;1300;1;227523
KMP_O;10000;2;1300;1;237547
Native;10000;2;1300;2;242721
KMP;10000;2;1300;2;221453
KMP_O;10000;2;1300;2;259929
Native;10000;2;1300;3;243123
KMP;10000;2;1300;3;226999
KMP_O;10000;2;1300;3;260334
Native;10000;2;1300;4;243422
KMP;10000;2;1300;4;221398
KMP_O;10000;2;1300;4;262731
Native;10000;4;1300;0;241109
KMP;10000;4;1300;0;226842
KMP_O;10000;4;1300;0;288037
Native;10000;4;1300;1;241875
KMP;10000;4;1300;1;224285
KMP_O;10000;4;1300;1;260752
Native;10000;4;1300;2;238657
KMP;10000;4;1300;2;224461
KMP_O;10000;4;1300;2;259903
Native;10000;4;1300;3;238296
KMP;10000;4;1300;3;220925
KMP_O;10000;4;1300;3;240474
Native;10000;4;1300;4;238340
KMP;10000;4;1300;4;221255
KMP_O;10000;4;1300;4;239651
Native;100000;2;1300;0;2654736
KMP;100000;2;1300;0;2150713
KMP_O;100000;2;1300;0;2271982
Native;100000;2;1300;1;2638372
KMP;100000;2;1300;1;2072483
KMP_O;100000;2;1300;1;2172355
Native;100000;2;1300;2;2587058
KMP;100000;2;1300;2;2066837
KMP_O;100000;2;1300;2;2254013
Native;100000;2;1300;3;2620521
KMP;100000;2;1300;3;2061637
KMP_O;100000;2;1300;3;2269112
Native;100000;2;1300;4;2584064
KMP;100000;2;1300;4;2100202
KMP_O;100000;2;1300;4;2285301
Native;100000;4;1300;0;2667104
KMP;100000;4;1300;0;2074850
KMP_O;100000;4;1300;0;2230905
Native;100000;4;1300;1;3313481
KMP;100000;4;1300;1;2454667
KMP_O;100000;4;1300;1;2625744
Native;100000;4;1300;2;2681192
KMP;100000;4;1300;2;2006895
KMP_O;100000;4;1300;2;2254512
Native;100000;4;1300;3;2677017
KMP;100000;4;1300;3;2028034
KMP_O;100000;4;1300;3;2218401
Native;100000;4;1300;4;2592784
KMP;100000;4;1300;4;2050149
KMP_O;100000;4;1300;4;2200651
Native;10000;2;1400;0;235986
KMP;10000;2;1400;0;240192
KMP_O;10000;2;1400;0;309584
Native;10000;2;1400;1;237248
KMP;10000;2;1400;1;226391
KMP_O;10000;2;1400;1;261947
Native;10000;2;1400;2;243629
KMP;10000;2;1400;2;226605
KMP_O;10000;2;1400;2;261049
Native;10000;2;1400;3;237323
KMP;10000;2;1400;3;226411
KMP_O;10000;2;1400;3;263170
Native;10000;2;1400;4;237766
KMP;10000;2;1400;4;225818
KMP_O;10000;2;1400;4;262027
Native;10000;4;1400;0;240822
KMP;10000;4;1400;0;226668
KMP_O;10000;4;1400;0;249631
Native;10000;4;1400;1;243385
KMP;10000;4;1400;1;229359
KMP_O;10000;4;1400;1;250792
Native;10000;4;1400;2;235442
KMP;10000;4;1400;2;226448
KMP_O;10000;4;1400;2;289513
Native;10000;4;1400;3;235742
KMP;10000;4;1400;3;225811
KMP_O;10000;4;1400;3;366165
Native;10000;4;1400;4;238678
KMP;10000;4;1400;4;228700
KMP_O;10000;4;1400;4;287501
Native;100000;2;1400;0;2709822
KMP;100000;2;1400;0;2019181
KMP_O;100000;2;1400;0;2398308
Native;100000;2;1400;1;2615359
KMP;100000;2;1400;1;2094086
KMP_O;100000;2;1400;1;2381007
Native;100000;2;1400;2;2579171
KMP;100000;2;1400;2;2014315
KMP_O;100000;2;1400;2;2219163
Native;100000;2;1400;3;2587967
KMP;100000;2;1400;3;2027815
KMP_O;100000;2;1400;3;2386491
Native;100000;2;1400;4;2574941
KMP;100000;2;1400;4;2111580
KMP_O;100000;2;1400;4;2252516
Native;100000;4;1400;0;2575713
KMP;100000;4;1400;0;2137482
KMP_O;100000;4;1400;0;2245198
Native;100000;4;1400;1;2703344
KMP;100000;4;1400;1;2008655
KMP_O;100000;4;1400;1;2219726
Native;100000;4;1400;2;2640890
KMP;100000;4;1400;2;2159519
KMP_O;100000;4;1400;2;2193388
Native;100000;4;1400;3;2602879
KMP;100000;4;1400;3;2032275
KMP_O;100000;4;1400;3;2646385
Native;100000;4;1400;4;2587504
KMP;100000;4;1400;4;2077838
KMP_O;100000;4;1400;4;2277694
Native;10000;2;1500;0;235642
KMP;10000;2;1500;0;224788
KMP_O;10000;2;1500;0;258197
Native;10000;2;1500;1;236240
KMP;10000;2;1500;1;226074
KMP_O;10000;2;1500;1;257502
Native;10000;2;1500;2;235747
KMP;10000;2;1500;2;229208
KMP_O;10000;2;1500;2;291448
Native;10000;2;1500;3;235940
KMP;10000;2;1500;3;264255
KMP_O;10000;2;1500;3;290632
Native;10000;2;1500;4;238127
KMP;10000;2;1500;4;229380
KMP_O;10000;2;1500;4;291054
Native;10000;4;1500;0;235551
KMP;10000;4;1500;0;227053
KMP_O;10000;4;1500;0;250461
Native;10000;4;1500;1;237112
KMP;10000;4;1500;1;227074
KMP_O;10000;4;1500;1;251325
Native;10000;4;1500;2;235989
KMP;10000;4;1500;2;227554
KMP_O;10000;4;1500;2;250763
Native;10000;4;1500;3;236567
KMP;10000;4;1500;3;227400
KMP_O;10000;4;1500;3;262628
Native;10000;4;1500;4;236114
KMP;10000;4;1500;4;235239
KMP_O;10000;4;1500;4;254500
Native;100000;2;1500;0;2577690
KMP;100000;2;1500;0;2082006
KMP_O;100000;2;1500;0;2590760
Native;100000;2;1500;1;2583349
KMP;100000;2;1500;1;2119679
KMP_O;100000;2;1500;1;2290128
Native;100000;2;1500;2;2691772
KMP;100000;2;1500;2;2101468
KMP_O;100000;2;1500;2;2349629
Native;100000;2;1500;3;2590791
KMP;100000;2;1500;3;2105759
KMP_O;100000;2;1500;3;2628848
Native;100000;2;1500;4;2571748
KMP;100000;2;1500;4;2164118
KMP_O;100000;2;1500;4;2277489
Native;100000;4;1500;0;2602619
KMP;100000;4;1500;0;2010159
KMP_O;100000;4;1500;0;2387270
Native;100000;4;1500;1;2593663
KMP;100000;4;1500;1;2018914
KMP_O;100000;4;1500;1;2203883
Native;100000;4;1500;2;2593477
KMP;100000;4;1500;2;2073437
KMP_O;100000;4;1500;2;2083040
Native;100000;4;1500;3;2657994
KMP;100000;4;1500;3;2096338
KMP_O;100000;4;1500;3;3320445
Native;100000;4;1500;4;2619340
KMP;100000;4;1500;4;2108441
KMP_O;100000;4;1500;4;2304013
Native;10000;2;1600;0;234105
KMP;10000;2;1600;0;234745
KMP_O;10000;2;1600;0;265586
Native;10000;2;1600;1;234317
KMP;10000;2;1600;1;232011
KMP_O;10000;2;1600;1;266329
Native;10000;2;1600;2;233933
KMP;10000;2;1600;2;231508
KMP_O;10000;2;1600;2;266518
Native;10000;2;1600;3;234128
KMP;10000;2;1600;3;233256
KMP_O;10000;2;1600;3;266833
Native;10000;2;1600;4;234087
KMP;10000;2;1600;4;234504
KMP_O;10000;2;1600;4;265930
Native;10000;4;1600;0;239147
KMP;10000;4;1600;0;263347
KMP_O;10000;4;1600;0;288181
Native;10000;4;1600;1;236497
KMP;10000;4;1600;1;226066
KMP_O;10000;4;1600;1;287687
Native;10000;4;1600;2;236183
KMP;10000;4;1600;2;229955
KMP_O;10000;4;1600;2;256718
Native;10000;4;1600;3;236862
KMP;10000;4;1600;3;230490
KMP_O;10000;4;1600;3;258325
Native;10000;4;1600;4;237432
KMP;10000;4;1600;4;230079
KMP_O;10000;4;1600;4;256935
Native;100000;2;1600;0;2572012
KMP;100000;2;1600;0;2109375
KMP_O;100000;2;1600;0;2284501
Native;100000;2;1600;1;2580772
KMP;100000;2;1600;1;2096581
KMP_O;100000;2;1600;1;2638983
Native;100000;2;1600;2;2585588
KMP;100000;2;1600;2;2102422
KMP_O;100000;2;1600;2;2312080
Native;100000;2;1600;3;2572951
KMP;100000;2;1600;3;2123500
KMP_O;100000;2;1600;3;2342986
Native;100000;2;1600;4;2596695
KMP;100000;2;1600;4;2114685
KMP_O;100000;2;1600;4;2329745
Native;100000;4;1600;0;2564004
KMP;100000;4;1600;0;2074815
KMP_O;100000;4;1600;0;2272830
Native;100000;4;1600;1;2591348
KMP;100000;4;1600;1;2063149
KMP_O;100000;4;1600;1;2214807
Native;100000;4;1600;2;2576725
KMP;100000;4;1600;2;2098296
KMP_O;100000;4;1600;2;2370043
Native;100000;4;1600;3;2659211
KMP;100000;4;1600;3;2029916
KMP_O;100000;4;1600;3;2229061
Native;100000;4;1600;4;2585627
KMP;100000;4;1600;4;2074623
KMP_O;100000;4;1600;4;2226734
Native;10000;2;1700;0;235024
KMP;10000;2;1700;0;231907
KMP_O;10000;2;1700;0;275039
Native;10000;2;1700;1;236886
KMP;10000;2;1700;1;232275
KMP_O;10000;2;1700;1;274573
Native;10000;2;1700;2;229512
KMP;10000;2;1700;2;228120
KMP_O;10000;2;1700;2;274151
Native;10000;2;1700;3;229994
KMP;10000;2;1700;3;227372
KMP_O;10000;2;1700;3;274153
Native;10000;2;1700;4;230599
KMP;10000;2;1700;4;234557
KMP_O;10000;2;1700;4;274116
Native;10000;4;1700;0;236172
KMP;10000;4;1700;0;228976
KMP_O;10000;4;1700;0;247606
Native;10000;4;1700;1;233114
KMP;10000;4;1700;1;227881
KMP_O;10000;4;1700;1;247402
Native;10000;4;1700;2;232965
KMP;10000;4;1700;2;228337
KMP_O;10000;4;1700;2;246838
Native;10000;4;1700;3;249628
KMP;10000;4;1700;3;257769
KMP_O;10000;4;1700;3;247101
Native;10000;4;1700;4;232968
KMP;10000;4;1700;4;227683
KMP_O;10000;4;1700;4;247508
Native;100000;2;1700;0;2595792
KMP;100000;2;1700;0;2039953
KMP_O;100000;2;1700;0;2212603
Native;100000;2;1700;1;2561572
KMP;100000;2;1700;1;2099267
KMP_O;100000;2;1700;1;2310030
Native;100000;2;1700;2;2626792
KMP;100000;2;1700;2;2126661
KMP_O;100000;2;1700;2;2239020
Native;100000;2;1700;3;2563195
KMP;100000;2;1700;3;2085836
KMP_O;100000;2;1700;3;2218872
Native;100000;2;1700;4;2595799
KMP;100000;2;1700;4;2224227
KMP_O;100000;2;1700;4;2370003
Native;100000;4;1700;0;2571397
KMP;100000;4;1700;0;2080892
KMP_O;100000;4;1700;0;2337838
Native;100000;4;1700;1;2593038
KMP;100000;4;1700;1;2091258
KMP_O;100000;4;1700;1;2324788
Native;100000;4;1700;2;2587285
KMP;100000;4;1700;2;2133716
KMP_O;100000;4;1700;2;2173881
Native;100000;4;1700;3;2563123
KMP;100000;4;1700;3;2065249
KMP_O;100000;4;1700;3;2250874
Native;100000;4;1700;4;2612870
KMP;100000;4;1700;4;2028599
KMP_O;100000;4;1700;4;2102777
Native;10000;2;1800;0;229766
KMP;10000;2;1800;0;229465
KMP_O;10000;2;1800;0;258954
Native;10000;2;1800;1;235863
KMP;10000;2;1800;1;229412
KMP_O;10000;2;1800;1;258428
Native;10000;2;1800;2;244414
KMP;10000;2;1800;2;231427
KMP_O;10000;2;1800;2;257967
Native;10000;2;1800;3;229758
KMP;10000;2;1800;3;228477
KMP_O;10000;2;1800;3;257619
Native;10000;2;1800;4;229791
KMP;10000;2;1800;4;229166
KMP_O;10000;2;1800;4;256023
Native;10000;4;1800;0;229676
KMP;10000;4;1800;0;231854
KMP_O;10000;4;1800;0;269251
Native;10000;4;1800;1;229651
KMP;10000;4;1800;1;232633
KMP_O;10000;4;1800;1;267509
Native;10000;4;1800;2;229864
KMP;10000;4;1800;2;232562
KMP_O;10000;4;1800;2;279142
Native;10000;4;1800;3;229574
KMP;10000;4;1800;3;232407
KMP_O;10000;4;1800;3;267635
Native;10000;4;1800;4;251201
KMP;10000;4;1800;4;237549
KMP_O;10000;4;1800;4;294415
Native;100000;2;1800;0;2571406
KMP;100000;2;1800;0;2101002
KMP_O;100000;2;1800;0;3023531
Native;100000;2;1800;1;2622110
KMP;100000;2;1800;1;2080850
KMP_O;100000;2;1800;1;2297324
Native;100000;2;1800;2;2595992
KMP;100000;2;1800;2;2095060
KMP_O;100000;2;1800;2;2200371
Native;100000;2;1800;3;2630688
KMP;100000;2;1800;3;2241594
KMP_O;100000;2;1800;3;2230537
Native;100000;2;1800;4;2791702
KMP;100000;2;1800;4;2073049
KMP_O;100000;2;1800;4;2493013
Native;100000;4;1800;0;2607151
KMP;100000;4;1800;0;2099662
KMP_O;100000;4;1800;0;2611268
Native;100000;4;1800;1;2609020
KMP;100000;4;1800;1;2094593
KMP_O;100000;4;1800;1;2257274
Native;100000;4;1800;2;2575917
KMP;100000;4;1800;2;2087269
KMP_O;100000;4;1800;2;2401096
Native;100000;4;1800;3;2583342
KMP;100000;4;1800;3;2022584
KMP_O;100000;4;1800;3;2151116
Native;100000;4;1800;4;2590782
KMP;100000;4;1800;4;1999380
KMP_O;100000;4;1800;4;2118351
Native;10000;2;1900;0;230326
KMP;10000;2;1900;0;230589
KMP_O;10000;2;1900;0;268153
Native;10000;2;1900;1;239793
KMP;10000;2;1900;1;237513
KMP_O;10000;2;1900;1;271646
Native;10000;2;1900;2;229455
KMP;10000;2;1900;2;277019
KMP_O;10000;2;1900;2;267329
Native;10000;2;1900;3;227426
KMP;10000;2;1900;3;229877
KMP_O;10000;2;1900;3;285205
Native;10000;2;1900;4;227604
KMP;10000;2;1900;4;229958
KMP_O;10000;2;1900;4;280576
Native;10000;4;1900;0;232312
KMP;10000;4;1900;0;230190
KMP_O;10000;4;1900;0;266173
Native;10000;4;1900;1;231291
KMP;10000;4;1900;1;229919
KMP_O;10000;4;1900;1;266315
Native;10000;4;1900;2;230894
KMP;10000;4;1900;2;230124
KMP_O;10000;4;1900;2;265891
Native;10000;4;1900;3;230843
KMP;10000;4;1900;3;241216
KMP_O;10000;4;1900;3;308984
Native;10000;4;1900;4;230855
KMP;10000;4;1900;4;230515
KMP_O;10000;4;1900;4;265347
Native;100000;2;1900;0;2634051
KMP;100000;2;1900;0;2028654
KMP_O;100000;2;1900;0;2447089
Native;100000;2;1900;1;2574100
KMP;100000;2;1900;1;2100176
KMP_O;100000;2;1900;1;2325761
Native;100000;2;1900;2;2596138
KMP;100000;2;1900;2;2027008
KMP_O;100000;2;1900;2;2307517
Native;100000;2;1900;3;2557601
KMP;100000;2;1900;3;2165940
KMP_O;100000;2;1900;3;2239364
Native;100000;2;1900;4;2575654
KMP;100000;2;1900;4;2115372
KMP_O;100000;2;1900;4;2314388
Native;100000;4;1900;0;2660410
KMP;100000;4;1900;0;2037264
KMP_O;100000;4;1900;0;2292856
Native;100000;4;1900;1;2594252
KMP;100000;4;1900;1;2033053
KMP_O;100000;4;1900;1;2308138
Native;100000;4;1900;2;2572769
KMP;100000;4;1900;2;2142414
KMP_O;100000;4;1900;2;2314014
Native;100000;4;1900;3;2579295
KMP;100000;4;1900;3;2063108
KMP_O;100000;4;1900;3;2282907
Native;100000;4;1900;4;2573512
KMP;100000;4;1900;4;2177969
KMP_O;100000;4;1900;4;2256490
Native;10000;2;2000;0;228073
KMP;10000;2;2000;0;242047
KMP_O;10000;2;2000;0;283886
Native;10000;2;2000;1;229983
KMP;10000;2;2000;1;238402
KMP_O;10000;2;2000;1;280269
Native;10000;2;2000;2;227249
KMP;10000;2;2000;2;237860
KMP_O;10000;2;2000;2;280371
Native;10000;2;2000;3;227476
KMP;10000;2;2000;3;237545
KMP_O;10000;2;2000;3;280191
Native;10000;2;2000;4;227122
KMP;10000;2;2000;4;238017
KMP_O;10000;2;2000;4;281055
Native;10000;4;2000;0;224863
KMP;10000;4;2000;0;235323
KMP_O;10000;4;2000;0;289045
Native;10000;4;2000;1;226877
KMP;10000;4;2000;1;235723
KMP_O;10000;4;2000;1;289995
Native;10000;4;2000;2;227214
KMP;10000;4;2000;2;244904
KMP_O;10000;4;2000;2;290631
Native;10000;4;2000;3;225842
KMP;10000;4;2000;3;236768
KMP_O;10000;4;2000;3;290036
Native;10000;4;2000;4;229461
KMP;10000;4;2000;4;235720
KMP_O;10000;4;2000;4;269190
Native;100000;2;2000;0;2571339
KMP;100000;2;2000;0;2127020
KMP_O;100000;2;2000;0;2386899
Native;100000;2;2000;1;2581307
KMP;100000;2;2000;1;2043181
KMP_O;100000;2;2000;1;2158844
Native;100000;2;2000;2;2593439
KMP;100000;2;2000;2;2043054
KMP_O;100000;2;2000;2;2165404
Native;100000;2;2000;3;2611387
KMP;100000;2;2000;3;2100998
KMP_O;100000;2;2000;3;2266526
Native;100000;2;2000;4;2565921
KMP;100000;2;2000;4;2094251
KMP_O;100000;2;2000;4;2272901
Native;100000;4;2000;0;2572813
KMP;100000;4;2000;0;2061155
KMP_O;100000;4;2000;0;2260524
Native;100000;4;2000;1;2621798
KMP;100000;4;2000;1;2085066
KMP_O;100000;4;2000;1;2432980
Native;100000;4;2000;2;2567263
KMP;100000;4;2000;2;2126670
KMP_O;100000;4;2000;2;2357991
Native;100000;4;2000;3;2560613
KMP;100000;4;2000;3;2116449
KMP_O;100000;4;2000;3;2660834
Native;100000;4;2000;4;2590003
KMP;100000;4;2000;4;2100446
KMP_O;100000;4;2000;4;2667708
Native;10000;2;2100;0;224780
KMP;10000;2;2100;0;236042
KMP_O;10000;2;2100;0;294128
Native;10000;2;2100;1;225298
KMP;10000;2;2100;1;237291
KMP_O;10000;2;2100;1;293340
Native;10000;2;2100;2;224587
KMP;10000;2;2100;2;236297
KMP_O;10000;2;2100;2;293199
Native;10000;2;2100;3;227880
KMP;10000;2;2100;3;243422
KMP_O;10000;2;2100;3;260123
Native;10000;2;2100;4;226624
KMP;10000;2;2100;4;236347
KMP_O;10000;2;2100;4;259776
Native;10000;4;2100;0;227465
KMP;10000;4;2100;0;233922
KMP_O;10000;4;2100;0;264350
Native;10000;4;2100;1;226933
KMP;10000;4;2100;1;234266
KMP_O;10000;4;2100;1;263544
Native;10000;4;2100;2;227610
KMP;10000;4;2100;2;234344
KMP_O;10000;4;2100;2;269228
Native;10000;4;2100;3;227484
KMP;10000;4;2100;3;235217
KMP_O;10000;4;2100;3;263940
Native;10000;4;2100;4;226530
KMP;10000;4;2100;4;233778
KMP_O;10000;4;2100;4;262545
Native;100000;2;2100;0;2600043
KMP;100000;2;2100;0;2046106
KMP_O;100000;2;2100;0;2110732
Native;100000;2;2100;1;2589533
KMP;100000;2;2100;1;2122591
KMP_O;100000;2;2100;1;2298598
Native;100000;2;2100;2;2594143
KMP;100000;2;2100;2;2037438
KMP_O;100000;2;2100;2;2129233
Native;100000;2;2100;3;2579636
KMP;100000;2;2100;3;2030425
KMP_O;100000;2;2100;3;2162666
Native;100000;2;2100;4;2585260
KMP;100000;2;2100;4;2105110
KMP_O;100000;2;2100;4;2206413
Native;100000;4;2100;0;2599631
KMP;100000;4;2100;0;2031954
KMP_O;100000;4;2100;0;2138592
Native;100000;4;2100;1;2619335
KMP;100000;4;2100;1;2119457
KMP_O;100000;4;2100;1;2321168
Native;100000;4;2100;2;2586394
KMP;100000;4;2100;2;1999673
KMP_O;100000;4;2100;2;2950574
Native;100000;4;2100;3;2619514
KMP;100000;4;2100;3;2093640
KMP_O;100000;4;2100;3;2348226
Native;100000;4;2100;4;2829586
KMP;100000;4;2100;4;2396793
KMP_O;100000;4;2100;4;2435723
Native;10000;2;2200;0;221939
KMP;10000;2;2200;0;240760
KMP_O;10000;2;2200;0;298405
Native;10000;2;2200;1;222167
KMP;10000;2;2200;1;240842
KMP_O;10000;2;2200;1;298781
Native;10000;2;2200;2;221381
KMP;10000;2;2200;2;241115
KMP_O;10000;2;2200;2;297864
Native;10000;2;2200;3;221890
KMP;10000;2;2200;3;245791
KMP_O;10000;2;2200;3;298687
Native;10000;2;2200;4;221633
KMP;10000;2;2200;4;240230
KMP_O;10000;2;2200;4;307400
Native;10000;4;2200;0;223377
KMP;10000;4;2200;0;247520
KMP_O;10000;4;2200;0;309049
Native;10000;4;2200;1;220453
KMP;10000;4;2200;1;240555
KMP_O;10000;4;2200;1;302763
Native;10000;4;2200;2;221339
KMP;10000;4;2200;2;240204
KMP_O;10000;4;2200;2;304442
Native;10000;4;2200;3;220999
KMP;10000;4;2200;3;240703
KMP_O;10000;4;2200;3;303685
Native;10000;4;2200;4;225858
KMP;10000;4;2200;4;242635
KMP_O;10000;4;2200;4;261984
Native;100000;2;2200;0;2554545
KMP;100000;2;2200;0;2144716
KMP_O;100000;2;2200;0;2292248
Native;100000;2;2200;1;2573343
KMP;100000;2;2200;1;2115735
KMP_O;100000;2;2200;1;2342994
Native;100000;2;2200;2;2559665
KMP;100000;2;2200;2;2153575
KMP_O;100000;2;2200;2;2332889
Native;100000;2;2200;3;2566983
KMP;100000;2;2200;3;2085714
KMP_O;100000;2;2200;3;2401274
Native;100000;2;2200;4;2569695
KMP;100000;2;2200;4;2090900
KMP_O;100000;2;2200;4;2344628
Native;100000;4;2200;0;2577514
KMP;100000;4;2200;0;2054519
KMP_O;100000;4;2200;0;2093467
Native;100000;4;2200;1;2650607
KMP;100000;4;2200;1;2044788
KMP_O;100000;4;2200;1;2215822
Native;100000;4;2200;2;2600553
KMP;100000;4;2200;2;2055198
KMP_O;100000;4;2200;2;2450226
Native;100000;4;2200;3;2599446
KMP;100000;4;2200;3;2100563
KMP_O;100000;4;2200;3;2229918
Native;100000;4;2200;4;2594039
KMP;100000;4;2200;4;2127768
KMP_O;100000;4;2200;4;2184367
Native;10000;2;2300;0;225382
KMP;10000;2;2300;0;253403
KMP_O;10000;2;2300;0;286473
Native;10000;2;2300;1;220631
KMP;10000;2;2300;1;250896
KMP_O;10000;2;2300;1;288982
Native;10000;2;2300;2;219356
KMP;10000;2;2300;2;243937
KMP_O;10000;2;2300;2;287876
Native;10000;2;2300;3;220863
KMP;10000;2;2300;3;244942
KMP_O;10000;2;2300;3;286006
Native;10000;2;2300;4;220815
KMP;10000;2;2300;4;252899
KMP_O;10000;2;2300;4;290606
Native;10000;4;2300;0;224233
KMP;10000;4;2300;0;249731
KMP_O;10000;4;2300;0;282025
Native;10000;4;2300;1;220375
KMP;10000;4;2300;1;246669
KMP_O;10000;4;2300;1;279991
Native;10000;4;2300;2;221348
KMP;10000;4;2300;2;246369
KMP_O;10000;4;2300;2;280133
Native;10000;4;2300;3;221461
KMP;10000;4;2300;3;249384
KMP_O;10000;4;2300;3;280513
Native;10000;4;2300;4;221632
KMP;10000;4;2300;4;247379
KMP_O;10000;4;2300;4;279695
Native;100000;2;2300;0;2587154
KMP;100000;2;2300;0;2163995
KMP_O;100000;2;2300;0;2188170
Native;100000;2;2300;1;2554308
KMP;100000;2;2300;1;2125833
KMP_O;100000;2;2300;1;2268152
Native;100000;2;2300;2;2618313
KMP;100000;2;2300;2;2035666
KMP_O;100000;2;2300;2;2270317
Native;100000;2;2300;3;2580056
KMP;100000;2;2300;3;2042434
KMP_O;100000;2;2300;3;2941806
Native;100000;2;2300;4;2563530
KMP;100000;2;2300;4;2095610
KMP_O;100000;2;2300;4;2415915
Native;100000;4;2300;0;2605907
KMP;100000;4;2300;0;2066297
KMP_O;100000;4;2300;0;2283803
Native;100000;4;2300;1;2600696
KMP;100000;4;2300;1;2107256
KMP_O;100000;4;2300;1;2331851
Native;100000;4;2300;2;2590841
KMP;100000;4;2300;2;2066221
KMP_O;100000;4;2300;2;2305535
Native;100000;4;2300;3;2579523
KMP;100000;4;2300;3;2049604
KMP_O;100000;4;2300;3;2358590
Native;100000;4;2300;4;2552799
KMP;100000;4;2300;4;2067981
KMP_O;100000;4;2300;4;2281010
Native;10000;2;2400;0;236646
KMP;10000;2;2400;0;240515
KMP_O;10000;2;2400;0;274915
Native;10000;2;2400;1;219707
KMP;10000;2;2400;1;240958
KMP_O;10000;2;2400;1;275976
Native;10000;2;2400;2;219456
KMP;10000;2;2400;2;240132
KMP_O;10000;2;2400;2;276787
Native;10000;2;2400;3;219099
KMP;10000;2;2400;3;239316
KMP_O;10000;2;2400;3;275255
Native;10000;2;2400;4;217964
KMP;10000;2;2400;4;240626
KMP_O;10000;2;2400;4;274897
Native;10000;4;2400;0;220114
KMP;10000;4;2400;0;243334
KMP_O;10000;4;2400;0;316904
Native;10000;4;2400;1;220135
KMP;10000;4;2400;1;244599
KMP_O;10000;4;2400;1;372319
Native;10000;4;2400;2;220051
KMP;10000;4;2400;2;243962
KMP_O;10000;4;2400;2;316902
Native;10000;4;2400;3;222036
KMP;10000;4;2400;3;249115
KMP_O;10000;4;2400;3;318572
Native;10000;4;2400;4;219920
KMP;10000;4;2400;4;249074
KMP_O;10000;4;2400;4;320397
Native;100000;2;2400;0;2551323
KMP;100000;2;2400;0;2095194
KMP_O;100000;2;2400;0;2349922
Native;100000;2;2400;1;2569814
KMP;100000;2;2400;1;2125307
KMP_O;100000;2;2400;1;2320076
Native;100000;2;2400;2;2554782
KMP;100000;2;2400;2;2119501
KMP_O;100000;2;2400;2;2340865
Native;100000;2;2400;3;2556356
KMP;100000;2;2400;3;2138526
KMP_O;100000;2;2400;3;2374116
Native;100000;2;2400;4;2558793
KMP;100000;2;2400;4;2093669
KMP_O;100000;2;2400;4;2403555
Native;100000;4;2400;0;2577755
KMP;100000;4;2400;0;2230050
KMP_O;100000;4;2400;0;2317179
Native;100000;4;2400;1;2595238
KMP;100000;4;2400;1;2047628
KMP_O;100000;4;2400;1;2521738
Native;100000;4;2400;2;2582292
KMP;100000;4;2400;2;2044617
KMP_O;100000;4;2400;2;2751789
Native;100000;4;2400;3;2576741
KMP;100000;4;2400;3;2123045
KMP_O;100000;4;2400;3;2316105
Native;100000;4;2400;4;2562607
KMP;100000;4;2400;4;2125498
KMP_O;100000;4;2400;4;2270661
Native;10000;2;2500;0;220460
KMP;10000;2;2500;0;245590
KMP_O;10000;2;2500;0;295299
Native;10000;2;2500;1;218689
KMP;10000;2;2500;1;246153
KMP_O;10000;2;2500;1;294533
Native;10000;2;2500;2;219323
KMP;10000;2;2500;2;245271
KMP_O;10000;2;2500;2;296721
Native;10000;2;2500;3;218150
KMP;10000;2;2500;3;245994
KMP_O;10000;2;2500;3;295565
Native;10000;2;2500;4;220147
KMP;10000;2;2500;4;247170
KMP_O;10000;2;2500;4;286514
Native;10000;4;2500;0;222939
KMP;10000;4;2500;0;256024
KMP_O;10000;4;2500;0;279889
Native;10000;4;2500;1;221925
KMP;10000;4;2500;1;254667
KMP_O;10000;4;2500;1;278050
Native;10000;4;2500;2;232996
KMP;10000;4;2500;2;257775
KMP_O;10000;4;2500;2;335983
Native;10000;4;2500;3;224500
KMP;10000;4;2500;3;256413
KMP_O;10000;4;2500;3;279858
Native;10000;4;2500;4;223031
KMP;10000;4;2500;4;262739
KMP_O;10000;4;2500;4;278481
Native;100000;2;2500;0;2590820
KMP;100000;2;2500;0;2104624
KMP_O;100000;2;2500;0;2291673
Native;100000;2;2500;1;2575931
KMP;100000;2;2500;1;2042060
KMP_O;100000;2;2500;1;2100264
Native;100000;2;2500;2;2572349
KMP;100000;2;2500;2;2121392
KMP_O;100000;2;2500;2;2354307
Native;100000;2;2500;3;2602199
KMP;100000;2;2500;3;2040266
KMP_O;100000;2;2500;3;2271666
Native;100000;2;2500;4;2549233
KMP;100000;2;2500;4;2149126
KMP_O;100000;2;2500;4;2343604
Native;100000;4;2500;0;2588852
KMP;100000;4;2500;0;2063862
KMP_O;100000;4;2500;0;2345337
Native;100000;4;2500;1;2602203
KMP;100000;4;2500;1;2035274
KMP_O;100000;4;2500;1;2897629
Native;100000;4;2500;2;2544526
KMP;100000;4;2500;2;2106350
KMP_O;100000;4;2500;2;2279054
Native;100000;4;2500;3;2548053
KMP;100000;4;2500;3;2119508
KMP_O;100000;4;2500;3;2292797
Native;100000;4;2500;4;2557051
KMP;100000;4;2500;4;2117932
KMP_O;100000;4;2500;4;2335809
Native;10000;2;2600;0;219349
KMP;10000;2;2600;0;250950
KMP_O;10000;2;2600;0;295602
Native;10000;2;2600;1;216768
KMP;10000;2;2600;1;250394
KMP_O;10000;2;2600;1;295369
Native;10000;2;2600;2;217118
KMP;10000;2;2600;2;249289
KMP_O;10000;2;2600;2;295949
Native;10000;2;2600;3;216775
KMP;10000;2;2600;3;249529
KMP_O;10000;2;2600;3;295625
Native;10000;2;2600;4;216808
KMP;10000;2;2600;4;326642
KMP_O;10000;2;2600;4;348481
Native;10000;4;2600;0;218451
KMP;10000;4;2600;0;245992
KMP_O;10000;4;2600;0;307581
Native;10000;4;2600;1;218474
KMP;10000;4;2600;1;246218
KMP_O;10000;4;2600;1;299265
Native;10000;4;2600;2;217773
KMP;10000;4;2600;2;245326
KMP_O;10000;4;2600;2;301766
Native;10000;4;2600;3;218028
KMP;10000;4;2600;3;245349
KMP_O;10000;4;2600;3;298934
Native;10000;4;2600;4;215066
KMP;10000;4;2600;4;244071
KMP_O;10000;4;2600;4;326023
Native;100000;2;2600;0;2576012
KMP;100000;2;2600;0;2180710
KMP_O;100000;2;2600;0;2189836
Native;100000;2;2600;1;2600845
KMP;100000;2;2600;1;2108101
KMP_O;100000;2;2600;1;2316732
Native;100000;2;2600;2;2620398
KMP;100000;2;2600;2;2169101
KMP_O;100000;2;2600;2;2376581
Native;100000;2;2600;3;2600102
KMP;100000;2;2600;3;2114882
KMP_O;100000;2;2600;3;2200676
Native;100000;2;2600;4;2614710
KMP;100000;2;2600;4;2164427
KMP_O;100000;2;2600;4;2482311
Native;100000;4;2600;0;2669051
KMP;100000;4;2600;0;2060850
KMP_O;100000;4;2600;0;2290824
Native;100000;4;2600;1;2570425
KMP;100000;4;2600;1;2122416
KMP_O;100000;4;2600;1;2411432
Native;100000;4;2600;2;2588572
KMP;100000;4;2600;2;2063190
KMP_O;100000;4;2600;2;2201741
Native;100000;4;2600;3;2615335
KMP;100000;4;2600;3;2094924
KMP_O;100000;4;2600;3;2372945
Native;100000;4;2600;4;2559106
KMP;100000;4;2600;4;2145482
KMP_O;100000;4;2600;4;2344102
Native;10000;2;2700;0;219548
KMP;10000;2;2700;0;254565
KMP_O;10000;2;2700;0;308913
Native;10000;2;2700;1;219281
KMP;10000;2;2700;1;265074
KMP_O;10000;2;2700;1;300875
Native;10000;2;2700;2;218327
KMP;10000;2;2700;2;255808
KMP_O;10000;2;2700;2;301039
Native;10000;2;2700;3;216640
KMP;10000;2;2700;3;250530
KMP_O;10000;2;2700;3;298155
Native;10000;2;2700;4;213421
KMP;10000;2;2700;4;246236
KMP_O;10000;2;2700;4;296360
Native;10000;4;2700;0;213983
KMP;10000;4;2700;0;243236
KMP_O;10000;4;2700;0;309355
Native;10000;4;2700;1;213998
KMP;10000;4;2700;1;242995
KMP_O;10000;4;2700;1;309023
Native;10000;4;2700;2;214174
KMP;10000;4;2700;2;245589
KMP_O;10000;4;2700;2;313773
Native;10000;4;2700;3;213041
KMP;10000;4;2700;3;241783
KMP_O;10000;4;2700;3;330994
Native;10000;4;2700;4;213737
KMP;10000;4;2700;4;243415
KMP_O;10000;4;2700;4;308374
Native;100000;2;2700;0;2605036
KMP;100000;2;2700;0;2085300
KMP_O;100000;2;2700;0;2436017
Native;100000;2;2700;1;2647713
KMP;100000;2;2700;1;2135112
KMP_O;100000;2;2700;1;2283361
Native;100000;2;2700;2;2582681
KMP;100000;2;2700;2;2060966
KMP_O;100000;2;2700;2;2298255
Native;100000;2;2700;3;2619283
KMP;100000;2;2700;3;2224661
KMP_O;100000;2;2700;3;2380720
Native;100000;2;2700;4;2554323
KMP;100000;2;2700;4;2113038
KMP_O;100000;2;2700;4;2364716
Native;100000;4;2700;0;2572054
KMP;100000;4;2700;0;2072650
KMP_O;100000;4;2700;0;2619345
Native;100000;4;2700;1;2611012
KMP;100000;4;2700;1;2081450
KMP_O;100000;4;2700;1;2752426
Native;100000;4;2700;2;2632388
KMP;100000;4;2700;2;2045022
KMP_O;100000;4;2700;2;2354715
Native;100000;4;2700;3;2578059
KMP;100000;4;2700;3;2058911
KMP_O;100000;4;2700;3;2381460
Native;100000;4;2700;4;2620002
KMP;100000;4;2700;4;2119548
KMP_O;100000;4;2700;4;2319628
Native;10000;2;2800;0;214202
KMP;10000;2;2800;0;251208
KMP_O;10000;2;2800;0;319960
Native;10000;2;2800;1;218272
KMP;10000;2;2800;1;248820
KMP_O;10000;2;2800;1;317787
Native;10000;2;2800;2;212886
KMP;10000;2;2800;2;249567
KMP_O;10000;2;2800;2;319042
Native;10000;2;2800;3;212893
KMP;10000;2;2800;3;249653
KMP_O;10000;2;2800;3;321656
Native;10000;2;2800;4;213168
KMP;10000;2;2800;4;249968
KMP_O;10000;2;2800;4;320515
Native;10000;4;2800;0;212126
KMP;10000;4;2800;0;252470
KMP_O;10000;4;2800;0;319038
Native;10000;4;2800;1;214052
KMP;10000;4;2800;1;253674
KMP_O;10000;4;2800;1;317947
Native;10000;4;2800;2;212403
KMP;10000;4;2800;2;252961
KMP_O;10000;4;2800;2;337451
Native;10000;4;2800;3;213677
KMP;10000;4;2800;3;269817
KMP_O;10000;4;2800;3;317837
Native;10000;4;2800;4;213723
KMP;10000;4;2800;4;252778
KMP_O;10000;4;2800;4;318112
Native;100000;2;2800;0;2576875
KMP;100000;2;2800;0;2109864
KMP_O;100000;2;2800;0;2802896
Native;100000;2;2800;1;2580667
KMP;100000;2;2800;1;2075524
KMP_O;100000;2;2800;1;2351673
Native;100000;2;2800;2;2569140
KMP;100000;2;2800;2;2029480
KMP_O;100000;2;2800;2;2191148
Native;100000;2;2800;3;2575753
KMP;100000;2;2800;3;2034160
KMP_O;100000;2;2800;3;2173966
Native;100000;2;2800;4;2609608
KMP;100000;2;2800;4;2110907
KMP_O;100000;2;2800;4;2347303
Native;100000;4;2800;0;2547527
KMP;100000;4;2800;0;2167515
KMP_O;100000;4;2800;0;2333837
Native;100000;4;2800;1;2555580
KMP;100000;4;2800;1;2103174
KMP_O;100000;4;2800;1;2520409
Native;100000;4;2800;2;2571477
KMP;100000;4;2800;2;2075401
KMP_O;100000;4;2800;2;2248017
Native;100000;4;2800;3;2619631
KMP;100000;4;2800;3;2047511
KMP_O;100000;4;2800;3;2159368
Native;100000;4;2800;4;2601457
KMP;100000;4;2800;4;2056389
KMP_O;100000;4;2800;4;2220324
Native;10000;2;2900;0;213673
KMP;10000;2;2900;0;254619
KMP_O;10000;2;2900;0;300817
Native;10000;2;2900;1;212574
KMP;10000;2;2900;1;253377
KMP_O;10000;2;2900;1;303000
Native;10000;2;2900;2;211879
KMP;10000;2;2900;2;253393
KMP_O;10000;2;2900;2;308187
Native;10000;2;2900;3;217628
KMP;10000;2;2900;3;255565
KMP_O;10000;2;2900;3;325069
Native;10000;2;2900;4;212011
KMP;10000;2;2900;4;253241
KMP_O;10000;2;2900;4;321297
Native;10000;4;2900;0;212027
KMP;10000;4;2900;0;246720
KMP_O;10000;4;2900;0;323335
Native;10000;4;2900;1;212160
KMP;10000;4;2900;1;246344
KMP_O;10000;4;2900;1;322336
Native;10000;4;2900;2;211706
KMP;10000;4;2900;2;245645
KMP_O;10000;4;2900;2;321051
Native;10000;4;2900;3;211716
KMP;10000;4;2900;3;274782
KMP_O;10000;4;2900;3;369882
Native;10000;4;2900;4;212139
KMP;10000;4;2900;4;247038
KMP_O;10000;4;2900;4;322124
Native;100000;2;2900;0;2583521
KMP;100000;2;2900;0;2116239
KMP_O;100000;2;2900;0;2541037
Native;100000;2;2900;1;2607677
KMP;100000;2;2900;1;2022810
KMP_O;100000;2;2900;1;2148430
Native;100000;2;2900;2;2578994
KMP;100000;2;2900;2;2039427
KMP_O;100000;2;2900;2;2988902
Native;100000;2;2900;3;2569342
KMP;100000;2;2900;3;2093551
KMP_O;100000;2;2900;3;2358928
Native;100000;2;2900;4;2598945
KMP;100000;2;2900;4;2054720
KMP_O;100000;2;2900;4;2356545
Native;100000;4;2900;0;2548473
KMP;100000;4;2900;0;2090439
KMP_O;100000;4;2900;0;2661539
Native;100000;4;2900;1;2576724
KMP;100000;4;2900;1;2108095
KMP_O;100000;4;2900;1;2451922
Native;100000;4;2900;2;2579895
KMP;100000;4;2900;2;2034669
KMP_O;100000;4;2900;2;2292238
Native;100000;4;2900;3;2564678
KMP;100000;4;2900;3;2247255
KMP_O;100000;4;2900;3;2397072
Native;100000;4;2900;4;2607530
KMP;100000;4;2900;4;2103956
KMP_O;100000;4;2900;4;2247428
Native;10000;2;3000;0;207925
KMP;10000;2;3000;0;250662
KMP_O;10000;2;3000;0;348699
Native;10000;2;3000;1;208652
KMP;10000;2;3000;1;250945
KMP_O;10000;2;3000;1;349895
Native;10000;2;3000;2;207427
KMP;10000;2;3000;2;249775
KMP_O;10000;2;3000;2;347083
Native;10000;2;3000;3;207796
KMP;10000;2;3000;3;254799
KMP_O;10000;2;3000;3;347889
Native;10000;2;3000;4;207023
KMP;10000;2;3000;4;263042
KMP_O;10000;2;3000;4;347369
Native;10000;4;3000;0;211140
KMP;10000;4;3000;0;250180
KMP_O;10000;4;3000;0;294154
Native;10000;4;3000;1;211152
KMP;10000;4;3000;1;252658
KMP_O;10000;4;3000;1;336063
Native;10000;4;3000;2;210933
KMP;10000;4;3000;2;252240
KMP_O;10000;4;3000;2;392940
Native;10000;4;3000;3;210148
KMP;10000;4;3000;3;253512
KMP_O;10000;4;3000;3;350304
Native;10000;4;3000;4;209449
KMP;10000;4;3000;4;268356
KMP_O;10000;4;3000;4;349412
Native;100000;2;3000;0;2704281
KMP;100000;2;3000;0;2114783
KMP_O;100000;2;3000;0;2268756
Native;100000;2;3000;1;2590249
KMP;100000;2;3000;1;2033022
KMP_O;100000;2;3000;1;2138943
Native;100000;2;3000;2;2542585
KMP;100000;2;3000;2;2118823
KMP_O;100000;2;3000;2;3283211
Native;100000;2;3000;3;2598369
KMP;100000;2;3000;3;2059263
KMP_O;100000;2;3000;3;2157609
Native;100000;2;3000;4;2566855
KMP;100000;2;3000;4;2069887
KMP_O;100000;2;3000;4;2172221
Native;100000;4;3000;0;2582854
KMP;100000;4;3000;0;2110542
KMP_O;100000;4;3000;0;2454205
Native;100000;4;3000;1;2547089
KMP;100000;4;3000;1;2088899
KMP_O;100000;4;3000;1;2414972
Native;100000;4;3000;2;2594098
KMP;100000;4;3000;2;2103960
KMP_O;100000;4;3000;2;2370235
Native;100000;4;3000;3;2603504
KMP;100000;4;3000;3;2182535
KMP_O;100000;4;3000;3;2187836
Native;100000;4;3000;4;2564502
KMP;100000;4;3000;4;2052571
KMP_O;100000;4;3000;4;2285583
